<?xml version="1.0" encoding="UTF-8"?>
<beans:beans
	xmlns="http://www.springframework.org/schema/security"
	xmlns:beans="http://www.springframework.org/schema/beans"
	xmlns:xsi="http://www.w3.org/2001/XMLSchema-instance"
	xsi:schemaLocation="http://www.springframework.org/schema/security http://www.springframework.org/schema/security/spring-security.xsd
		http://www.springframework.org/schema/beans http://www.springframework.org/schema/beans/spring-beans-4.3.xsd">


	<beans:bean id="LoginSuccess"
		class="com.reservation.Handler.LoginRedirectHandler" />

	<!-- URL 설정 -->
	<http use-expressions="true">
	<csrf disabled="true"/>
		<intercept-url pattern="/user/insert" access="permitAll" /><!--permitAll:모든  사용자 -->
		<intercept-url pattern="/user/vendorinsert" access="hasAnyRole('MEMBER,MANAGER,ADMIN')" />
		<intercept-url pattern="/user/user" access="permitAll" />
		<intercept-url pattern="/include/**" access="permitAll" />
		<intercept-url pattern="/member/**" access="hasAnyRole('MEMBER,VENDOR,MANAGER,ADMIN')" />
		<intercept-url pattern="/board/**" access="hasAnyRole('VENDOR,MANAGER,ADMIN')" />
		<intercept-url pattern="/vendor/**" access="hasAnyRole('VENDOR,MANAGER,ADMIN')" />
		<intercept-url pattern="/manager/**" access="hasAnyRole('MANAGER,ADMIN')" />
		<intercept-url pattern="/admin/**" access="hasRole('ADMIN')" />    
		<!--  <intercept-url pattern="/admin/**" access="permitAll" /> -->

		<form-login login-page="/user/login"
			authentication-success-handler-ref="LoginSuccess"
			default-target-url="/user/user"
			authentication-failure-url="/user/login?error"
			username-parameter="email" password-parameter="password" />
		<logout logout-url="/user/logout" invalidate-session="true" />
		<!--화면 없이 해당 주소로 오면 session이 지워지고 로그아웃이 진행됨 -->
		<!-- 에러 났을 때 에러 처리하는 페이지 -->
		<access-denied-handler error-page="/user/error" />
	</http>

	<!-- BCryptPasswordEncoder 클래스 빈 추가  -->
	<beans:bean id="bcryptPasswordEncoder" 
	             class="org.springframework.security.crypto.bcrypt.BCryptPasswordEncoder" />
	
	<!-- provider -->
	<authentication-manager>
		<authentication-provider>
		  <!-- 로그인 시 비밀번호를 암호화해서 DB에서 조회한 비밀번호와 비교 -->
		    <password-encoder ref="bcryptPasswordEncoder"/>
		    
		     <!-- 로그인시 확인하는 쿼리  users-by-username-query -->
		     <!-- 권한 확인하는 쿼리 authorities-by-username-query  -->
			<jdbc-user-service
				users-by-username-query="select email, password, enable from users where email = ?"
				authorities-by-username-query="select email, authority from authorities where email = ?"
				role-prefix="" data-source-ref="dataSource" />
		</authentication-provider>
	</authentication-manager>


</beans:beans>