<?xml version="1.0" encoding="UTF-8"?>
<!DOCTYPE mapper
PUBLIC "-//mybatis.org//DTD Mapper 3.0//EN"
"http://mybatis.org/dtd/mybatis-3-mapper.dtd">

<mapper namespace="com.reservation.dao.AuthoritiesDao">

<insert id="insert">
insert into authorities(email, authority) values(#{email}, #{authority}) 
</insert>

<select id="selectAll" resultType="AuthoritiesDto">
select * from authorities order by email, authority
</select>

<select id="selectEmail" resultType="AuthoritiesDto">
select * from authorities where email=#{email}
</select>

<update id="update">
update authorities set email=#{email}, authority=#{authority} where email=#{email}
</update>

<delete id="delete">
delete authorities where email=#{email}
</delete>
</mapper>